{
  "timestamp": "2025-09-04T04:24:20.210763",
  "periodo_coleta": {
    "inicio": "2025-09-04T04:22:08.253880",
    "fim": "2025-09-04T04:22:08.798170",
    "duracao_horas": 0.00015119166666666668
  },
  "contadores": {
    "total_sinais": 20,
    "total_trades_aprovados": 16,
    "total_rejeitados": 4,
    "taxa_aprovacao": 80.0
  },
  "qualidade": {
    "confianca_media": 61.53512089588236,
    "rr_medio": 2.0,
    "expectativa_media_teorica": 0.8460536268764707,
    "profit_factor_medio_teorico": 3.372507630870671,
    "trades_rr_bom": 16,
    "percent_rr_bom": 100.0,
    "trades_expectativa_positiva": 16,
    "percent_expectativa_positiva": 100.0
  },
  "distribuicao": {
    "simbolos": {
      "BTCUSDT": 1,
      "ADAUSDT": 1,
      "DOTUSDT": 1,
      "NEARUSDT": 1,
      "AVAXUSDT": 1,
      "ATOMUSDT": 1,
      "BNBUSDT": 1,
      "ETHUSDT": 1,
      "LINKUSDT": 1,
      "SHIBUSDT": 1,
      "XRPUSDT": 1,
      "UNIUSDT": 1,
      "DOGEUSDT": 1,
      "ALGOUSDT": 1,
      "FTMUSDT": 1,
      "ETCUSDT": 1
    },
    "trades_por_hora": 16.0,
    "trades_por_dia": 16.0
  },
  "status_coleta": {
    "dados_suficientes": false,
    "qualidade_boa": "True",
    "rr_adequado": "True",
    "aprovacao_adequada": false
  }
}