{
  "modo_simulacao": false,
  "executar_ordens_reais": true,
  "binance_api_key": "cwbskK8EbmXpGW8VV6HDgDa5jrrTYuQ2QwqAqHdzUxbfb3AodfEWl86GjpbmRIwM",
  "binance_api_secret": "7Jmc24SJOzm9YFUW6NxHxBIwzdRBNyQAOU8QFvcKHPhCRfs6sB6P90dskUFjQx1z",
  "testnet": false,
  "ativos": {
    "BTCUSDT": {
      "ativo": true,
      "intervalo": "1h",
      "timeframe": "1h",
      "limiar_compra": 0.6,
      "limiar_venda": 0.4,
      "valor_ordem": 10.0,
      "quantidade_maxima": 0.01,
      "max_posicoes": 3,
      "stop_loss_percent": 2.0,
      "take_profit_percent": 6.0,
      "rsi_oversold": 30,
      "rsi_overbought": 70
    },
    "ETHUSDT": {
      "ativo": true,
      "intervalo": "1h",
      "timeframe": "1h",
      "limiar_compra": 0.6,
      "limiar_venda": 0.4,
      "valor_ordem": 10.0,
      "quantidade_maxima": 0.1,
      "max_posicoes": 3,
      "stop_loss_percent": 2.0,
      "take_profit_percent": 6.0,
      "rsi_oversold": 30,
      "rsi_overbought": 70
    }
  },
  "intervalos": [
    "1h",
    "15m"
  ],
  "limiar_compra": 0.6,
  "limiar_venda": 0.4,
  "max_dataframe_rows": 5000,
  "model_paths": {
    "transformer": "models/modelo_transformer_atual.h5"
  },
  "components_activation": {
    "operador_binance_active": true,
    "fallback_active": true,
    "risk_manager_active": true,
    "ml_supremo_active": true,
    "automl_integration_active": true,
    "neural_governance_active": true,
    "rl_integration_active": true,
    "prometheus_server_active": false,
    "memoria_temporal_active": true,
    "book_processor_active": true,
    "model_performance_tracker_active": true,
    "binance_stream_manager_active": true,
    "gerenciador_fallback_active": true
  },
  "ml_supremo": {
    "modo": "automl_supremo",
    "modelos_ativos": [
      "multitimeframe",
      "rl_multitf",
      "analise_tecnica"
    ],
    "pesos_modelos": {
      "multitimeframe": 0.35,
      "rl_multitf": 0.25,
      "analise_tecnica": 0.4
    },
    "threshold_confianca": 0.45,
    "usar_confluencia": true,
    "estrategia_governanca": "best_recent"
  },
  "automl_integration": {
    "ativo": true,
    "trials": 50,
    "timeout": 300,
    "adaptive_ensemble": {
      "ativo": true,
      "taxa_adaptacao": 0.1
    }
  },
  "neural_governance": {
    "ativo": true,
    "estrategia": "best_recent",
    "threshold_minimo": 0.45,
    "modelos_rastreados": [
      "multitimeframe",
      "rl_multitf",
      "analise_tecnica"
    ]
  },
  "rl_integration": {
    "ativo": true,
    "learning_rate": 0.001,
    "epsilon": 0.1,
    "timeframes": [
      "15m",
      "1h",
      "4h",
      "1d"
    ],
    "model_path": "models/rl_multitf_test.json"
  },
  "multitimeframe_analyzer": {
    "ativo": true,
    "timeframes": [
      "15m",
      "1h",
      "4h",
      "1d"
    ],
    "confluencia_premium": 85,
    "pesos_timeframe": {
      "15m": 0.15,
      "1h": 0.35,
      "4h": 0.3,
      "1d": 0.2
    }
  },
  "analise_tecnica_expandida": {
    "ativo": true,
    "indicadores": [
      "RSI",
      "SMA_EMA",
      "MACD",
      "BollingerBands",
      "Stochastic",
      "WilliamsR",
      "Volume"
    ]
  },
  "sistema_otimizado": {
    "ativo": true,
    "pesos": {
      "rsi": 1.2,
      "macd": 1.5,
      "bb": 1.0,
      "sma": 0.8,
      "momentum": 1.1,
      "stochastic": 0.9
    },
    "thresholds": {
      "compra": 15.0,
      "venda": -15.0,
      "neutro": 5.0
    },
    "confluencia": {
      "ml_supremo": 0.4,
      "otimizado": 0.3,
      "premium": 0.3,
      "boost_confluencia": 1.3,
      "penalidade_divergencia": 0.85
    }
  },
  "indicadores_premium": {
    "ativo": true,
    "pesos": {
      "order_flow": 2.5,
      "volume_profile": 2.2,
      "market_structure": 2.0,
      "ichimoku": 1.8,
      "vwap": 1.5
    },
    "parametros": {
      "order_flow_window": 20,
      "volume_profile_bins": 50,
      "market_structure_lookback": 100,
      "ichimoku_tenkan": 9,
      "ichimoku_kijun": 26,
      "ichimoku_senkou": 52,
      "vwap_window": 20
    }
  },
  "otimizacoes_imediatas": {
    "filtro_horario": {
      "ativo": true,
      "modo": "penalidade_v2_corrigido",
      "horarios_premium": {
        "inicio_utc": 8,
        "fim_utc": 20
      },
      "horarios_transicao": {
        "horarios": [
          6,
          7,
          20,
          21,
          22
        ],
        "penalidade": 0.9
      },
      "penalidades": {
        "madrugada": 0.85,
        "horario_ruim": 0.85,
        "fim_semana": 0.9,
        "transicao": 0.9
      },
      "confianca_minima_penalizada": 45.0,
      "sempre_permitir_alta_confianca": 0.8,
      "boost_horario_premium": {
        "ativo": true,
        "boost_percentual": 0.05
      },
      "bypass_madrugada": {
        "ativo": true,
        "confianca_minima": 45.0
      }
    },
    "cooldown_trades": {
      "ativo": true,
      "horas": 2
    },
    "filtro_correlacao": {
      "ativo": true,
      "pares_correlacionados": {
        "BTCUSDT": "ETHUSDT",
        "ETHUSDT": "BTCUSDT"
      },
      "threshold_correlacao": 0.7
    },
    "gestao_risco_dinamica": {
      "ativo": true,
      "ratio_tp_sl": 3.0,
      "atr_fallback_percent": 0.5
    }
  },
  "risk_management": {
    "max_risk_per_trade": 0.02,
    "max_portfolio_risk": 0.1,
    "stop_loss_percent": 2.0,
    "take_profit_percent": 6.0,
    "trailing_stop": false,
    "position_sizing": "fixed",
    "atr_multiplier": 2.0,
    "atr_fallback_percent": 0.5
  },
  "telegram": {
    "ativo": true,
    "bot_token": "7584540591:AAGXWwqk6n-KZXPJiezOonRmD_uwekNDQdM",
    "chat_id": "1068969834",
    "confianca_minima": 40,
    "apenas_gestao_aprovada": false,
    "template_sinal": "\ud83c\udfaf {acao} {symbol}\n\ud83d\udcb0 Pre\u00e7o: ${preco}\n\ud83d\udcca Confian\u00e7a: {confianca}%\n\ud83d\udcc8 Position Size: {position_size}\n\ud83d\uded1 Stop-Loss: ${stop_loss}\n\ud83c\udfaf Take-Profit: ${take_profit}\n\ud83d\udd0d An\u00e1lise: {motivo}",
    "template_resumo": "\ud83d\udcca Resumo Di\u00e1rio\n\ud83d\udcb9 Trades: {total_trades}\n\u2705 Win Rate: {win_rate}%\n\ud83d\udcb0 P&L: ${pnl}\n\ud83d\udcc8 Melhor: ${best_trade}\n\ud83d\udcc9 Pior: ${worst_trade}",
    "emojis": {
      "comprar": "\ud83d\udfe2",
      "vender": "\ud83d\udd34",
      "aguardar": "\ud83d\udfe1"
    }
  },
  "logging": {
    "level": "INFO",
    "format": "%(asctime)s - %(name)s - %(levelname)s - %(message)s",
    "file": "kripto_tool.log",
    "max_bytes": 10485760,
    "backup_count": 5
  },
  "estrategias": {
    "DEFAULT": {
      "limiar_compra": 0.6,
      "limiar_venda": 0.4,
      "stop_loss_percent": 2.0,
      "take_profit_percent": 6.0
    },
    "ALTA_VOLATILIDADE": {
      "limiar_compra": 0.7,
      "limiar_venda": 0.3,
      "stop_loss_percent": 3.0,
      "take_profit_percent": 9.0
    },
    "BAIXA_VOLATILIDADE": {
      "limiar_compra": 0.55,
      "limiar_venda": 0.45,
      "stop_loss_percent": 1.5,
      "take_profit_percent": 4.5
    },
    "CONSERVADORA": {
      "limiar_compra": 0.75,
      "limiar_venda": 0.25,
      "stop_loss_percent": 1.0,
      "take_profit_percent": 3.0
    }
  },
  "simulacao": {
    "saldo_inicial": 1000.0,
    "taxa_corretagem": 0.001,
    "slippage": 0.0005,
    "usar_dados_historicos": true,
    "periodo_backtest": "30d"
  },
  "attack_detector": {
    "ativo": true,
    "threshold_anomalia": 0.95,
    "janela_deteccao": 100,
    "tipos_ataques": [
      "pump_dump",
      "wash_trading",
      "spoofing"
    ]
  },
  "neural_governor": {
    "ativo": true,
    "modelos_governanca": {
      "transformer": {
        "peso": 0.4,
        "threshold": 0.6
      },
      "lstm": {
        "peso": 0.3,
        "threshold": 0.55
      },
      "ensemble": {
        "peso": 0.3,
        "threshold": 0.65
      }
    }
  },
  "validador_institucional": {
    "ativo": true,
    "fontes_dados": [
      "binance",
      "coinbase",
      "kraken"
    ],
    "threshold_consenso": 0.7,
    "timeout_validacao": 5
  }
}