{
  "timestamp": "2025-08-30T15:55:51.725116",
  "total_testes": 5,
  "testes_aprovados": 4.0,
  "taxa_sucesso": 80.0,
  "status_geral": "MUITO BOM",
  "detalhes": {
    "basico": {
      "status": "PASSOU",
      "score": 17.081999999999997,
      "classificacao": "BOM",
      "confianca": 0.78104512
    },
    "cenarios": {
      "status": "PARCIAL",
      "resultados": {
        "normal": {
          "score": 17.081999999999997,
          "classificacao": "BOM",
          "confianca": 0.78104512,
          "acao": "VENDER",
          "nivel_confluencia": "SUPREMO"
        },
        "alta_volatilidade": {
          "score": 17.081999999999997,
          "classificacao": "BOM",
          "confianca": 0.78104512,
          "acao": "VENDER",
          "nivel_confluencia": "SUPREMO"
        },
        "tendencia_forte": {
          "score": 17.081999999999997,
          "classificacao": "BOM",
          "confianca": 0.78104512,
          "acao": "VENDER",
          "nivel_confluencia": "SUPREMO"
        },
        "lateral": {
          "score": 17.081999999999997,
          "classificacao": "BOM",
          "confianca": 0.78104512,
          "acao": "VENDER",
          "nivel_confluencia": "SUPREMO"
        },
        "reversao": {
          "score": 17.081999999999997,
          "classificacao": "BOM",
          "confianca": 0.78104512,
          "acao": "VENDER",
          "nivel_confluencia": "SUPREMO"
        }
      }
    },
    "performance": {
      "status": "PASSOU",
      "tempo_medio": 3.4809112548828125e-05,
      "classificacao": "EXCELENTE"
    },
    "confluencia": {
      "status": "PARCIAL",
      "confluencia_alinhado": 1.0,
      "confluencia_divergente": 1.0,
      "diferenciacao": "LIMITADA"
    },
    "comparativo": {
      "status": "PASSOU",
      "confianca_single": 0.95,
      "confianca_multi": 0.78104512,
      "melhorias": [
        "M\u00faltiplos timeframes",
        "An\u00e1lise de conflu\u00eancia"
      ],
      "timeframes_analisados": 4
    }
  }
}