[
  {
    "timestamp": 1678886400000,
    "input": {
      "timestamp": 1678886400000,
      "Open": 24000,
      "High": 24100,
      "Low": 23900,
      "Close": 24050,
      "Volume": 100
    },
    "output": {
      "attack_detection": {
        "spoofing": false,
        "volume_spike": false
      },
      "cluster": {
        "cluster": 0,
        "confidence": 0.5
      },
      "reinforcement_learning": {
        "action": 0,
        "reward": 0.0,
        "done": false,
        "learn_info": {
          "loss": 0.0
        }
      }
    },
    "decisions": {
      "final_decision": "HOLD",
      "confidence": 0.0,
      "timestamp": "2025-05-21T23:06:46.667230"
    },
    "errors": []
  },
  {
    "timestamp": 1678886460000,
    "input": {
      "timestamp": 1678886460000,
      "Open": 24050,
      "High": 24200,
      "Low": 24000,
      "Close": 24150,
      "Volume": 150
    },
    "output": {
      "attack_detection": {
        "spoofing": false,
        "volume_spike": false
      },
      "cluster": {
        "cluster": 0,
        "confidence": 0.5
      },
      "reinforcement_learning": {
        "action": 0,
        "reward": 0.0,
        "done": false,
        "learn_info": {
          "loss": 0.0
        }
      }
    },
    "decisions": {
      "final_decision": "HOLD",
      "confidence": 0.0,
      "timestamp": "2025-05-21T23:06:46.667573"
    },
    "errors": []
  },
  {
    "timestamp": 1678886520000,
    "input": {
      "timestamp": 1678886520000,
      "Open": 24150,
      "High": 24180,
      "Low": 24050,
      "Close": 24080,
      "Volume": 80
    },
    "output": {
      "attack_detection": {
        "spoofing": false,
        "volume_spike": false
      },
      "cluster": {
        "cluster": 0,
        "confidence": 0.5
      },
      "reinforcement_learning": {
        "action": 0,
        "reward": 0.0,
        "done": false,
        "learn_info": {
          "loss": 0.0
        }
      }
    },
    "decisions": {
      "final_decision": "HOLD",
      "confidence": 0.0,
      "timestamp": "2025-05-21T23:06:46.667908"
    },
    "errors": []
  },
  {
    "timestamp": 1678886580000,
    "input": {
      "timestamp": 1678886580000,
      "Open": 24080,
      "High": 24120,
      "Low": 23980,
      "Close": 24100,
      "Volume": 120
    },
    "output": {
      "attack_detection": {
        "spoofing": false,
        "volume_spike": false
      },
      "cluster": {
        "cluster": 0,
        "confidence": 0.5
      },
      "reinforcement_learning": {
        "action": 0,
        "reward": 0.0,
        "done": false,
        "learn_info": {
          "loss": 0.0
        }
      }
    },
    "decisions": {
      "final_decision": "HOLD",
      "confidence": 0.0,
      "timestamp": "2025-05-21T23:06:46.668240"
    },
    "errors": []
  },
  {
    "timestamp": 1678886640000,
    "input": {
      "timestamp": 1678886640000,
      "Open": 24100,
      "High": 24300,
      "Low": 24090,
      "Close": 24250,
      "Volume": 200
    },
    "output": {
      "attack_detection": {
        "spoofing": false,
        "volume_spike": false
      },
      "cluster": {
        "cluster": 0,
        "confidence": 0.5
      },
      "reinforcement_learning": {
        "action": 0,
        "reward": 0.0,
        "done": false,
        "learn_info": {
          "loss": 0.0
        }
      }
    },
    "decisions": {
      "final_decision": "HOLD",
      "confidence": 0.0,
      "timestamp": "2025-05-21T23:06:46.668575"
    },
    "errors": []
  },
  {
    "timestamp": 1678886700000,
    "input": {
      "timestamp": 1678886700000,
      "Open": 24250,
      "High": 24280,
      "Low": 24150,
      "Close": 24180,
      "Volume": 90
    },
    "output": {
      "attack_detection": {
        "spoofing": false,
        "volume_spike": false
      },
      "cluster": {
        "cluster": 0,
        "confidence": 0.5
      },
      "reinforcement_learning": {
        "action": 0,
        "reward": 0.0,
        "done": false,
        "learn_info": {
          "loss": 0.0
        }
      }
    },
    "decisions": {
      "final_decision": "HOLD",
      "confidence": 0.0,
      "timestamp": "2025-05-21T23:06:46.668904"
    },
    "errors": []
  },
  {
    "timestamp": 1678886760000,
    "input": {
      "timestamp": 1678886760000,
      "Open": 24180,
      "High": 24220,
      "Low": 24100,
      "Close": 24110,
      "Volume": 110
    },
    "output": {
      "attack_detection": {
        "spoofing": false,
        "volume_spike": false
      },
      "cluster": {
        "cluster": 0,
        "confidence": 0.5
      },
      "reinforcement_learning": {
        "action": 0,
        "reward": 0.0,
        "done": false,
        "learn_info": {
          "loss": 0.0
        }
      }
    },
    "decisions": {
      "final_decision": "HOLD",
      "confidence": 0.0,
      "timestamp": "2025-05-21T23:06:46.669231"
    },
    "errors": []
  },
  {
    "timestamp": 1678886820000,
    "input": {
      "timestamp": 1678886820000,
      "Open": 24110,
      "High": 24150,
      "Low": 24050,
      "Close": 24060,
      "Volume": 70
    },
    "output": {
      "attack_detection": {
        "spoofing": false,
        "volume_spike": false
      },
      "cluster": {
        "cluster": 0,
        "confidence": 0.5
      },
      "reinforcement_learning": {
        "action": 0,
        "reward": 0.0,
        "done": false,
        "learn_info": {
          "loss": 0.0
        }
      }
    },
    "decisions": {
      "final_decision": "HOLD",
      "confidence": 0.0,
      "timestamp": "2025-05-21T23:06:46.669568"
    },
    "errors": []
  },
  {
    "timestamp": 1678886880000,
    "input": {
      "timestamp": 1678886880000,
      "Open": 24060,
      "High": 24090,
      "Low": 23950,
      "Close": 23980,
      "Volume": 180
    },
    "output": {
      "attack_detection": {
        "spoofing": false,
        "volume_spike": false
      },
      "cluster": {
        "cluster": 0,
        "confidence": 0.5
      },
      "reinforcement_learning": {
        "action": 0,
        "reward": 0.0,
        "done": false,
        "learn_info": {
          "loss": 0.0
        }
      }
    },
    "decisions": {
      "final_decision": "HOLD",
      "confidence": 0.0,
      "timestamp": "2025-05-21T23:06:46.669890"
    },
    "errors": []
  },
  {
    "timestamp": 1678886940000,
    "input": {
      "timestamp": 1678886940000,
      "Open": 23980,
      "High": 24050,
      "Low": 23960,
      "Close": 24020,
      "Volume": 130
    },
    "output": {
      "attack_detection": {
        "spoofing": false,
        "volume_spike": false
      },
      "cluster": {
        "cluster": 0,
        "confidence": 0.5
      },
      "reinforcement_learning": {
        "action": 0,
        "reward": 0.0,
        "done": false,
        "learn_info": {
          "loss": 0.0
        }
      }
    },
    "decisions": {
      "final_decision": "HOLD",
      "confidence": 0.0,
      "timestamp": "2025-05-21T23:06:46.670214"
    },
    "errors": []
  }
]