[
  {
    "timestamp": "2023-01-01T00:00:00",
    "input": {
      "open": "50000",
      "high": 51000,
      "low": 49000,
      "close": 50500,
      "volume": 100
    },
    "output": {
      "attack_detection": {
        "spoofing": false,
        "volume_spike": false
      },
      "cluster": {
        "cluster": 0,
        "confidence": 0.5
      }
    },
    "decisions": {
      "final_decision": "HOLD",
      "confidence": 0.0,
      "timestamp": "2025-05-16T12:23:48.457460"
    },
    "errors": [
      "Erro no Reinforcement Learning: not enough values to unpack (expected 4, got 3)"
    ]
  },
  {
    "timestamp": "2023-01-01T01:00:00",
    "input": {
      "open": "invalid",
      "high": 52000,
      "low": 50000,
      "close": 51000,
      "volume": 120
    },
    "output": {
      "attack_detection": {
        "spoofing": false,
        "volume_spike": false
      },
      "cluster": {
        "cluster": 0,
        "confidence": 0.5
      }
    },
    "decisions": {
      "final_decision": "HOLD",
      "confidence": 0.0,
      "timestamp": "2025-05-16T12:23:48.457860"
    },
    "errors": [
      "Erro no Reinforcement Learning: not enough values to unpack (expected 4, got 3)"
    ]
  },
  {
    "timestamp": "2023-01-01T02:00:00",
    "input": {
      "open": "51000",
      "high": 53000,
      "low": 50500,
      "close": 52000,
      "volume": 150
    },
    "output": {
      "attack_detection": {
        "spoofing": false,
        "volume_spike": false
      },
      "cluster": {
        "cluster": 0,
        "confidence": 0.5
      }
    },
    "decisions": {
      "final_decision": "HOLD",
      "confidence": 0.0,
      "timestamp": "2025-05-16T12:23:48.458206"
    },
    "errors": [
      "Erro no Reinforcement Learning: not enough values to unpack (expected 4, got 3)"
    ]
  }
]