[
  {
    "timestamp": 1747378000000.0,
    "input": {
      "open": 104010.3,
      "high": 104010.31,
      "low": 104010.29,
      "close": 104010.29,
      "volume": 0.15119
    },
    "output": {
      "attack_detection": {
        "spoofing": false,
        "volume_spike": false
      },
      "cluster": {
        "cluster": 0,
        "confidence": 0.5
      }
    },
    "decisions": {
      "final_decision": "HOLD",
      "confidence": 0.0,
      "timestamp": "2025-05-16T12:30:02.933882"
    },
    "errors": [
      "Erro no Reinforcement Learning: not enough values to unpack (expected 4, got 3)"
    ]
  },
  {
    "timestamp": 1747378060000.0,
    "input": {
      "open": 104010.29,
      "high": 104010.3,
      "low": 104010.28,
      "close": 104010.28,
      "volume": 0.12345
    },
    "output": {
      "attack_detection": {
        "spoofing": false,
        "volume_spike": false
      },
      "cluster": {
        "cluster": 0,
        "confidence": 0.5
      }
    },
    "decisions": {
      "final_decision": "HOLD",
      "confidence": 0.0,
      "timestamp": "2025-05-16T12:30:02.934302"
    },
    "errors": [
      "Erro no Reinforcement Learning: not enough values to unpack (expected 4, got 3)"
    ]
  },
  {
    "timestamp": 1747378120000.0,
    "input": {
      "open": 104010.28,
      "high": 104010.32,
      "low": 104010.27,
      "close": 104010.31,
      "volume": 0.23456
    },
    "output": {
      "attack_detection": {
        "spoofing": false,
        "volume_spike": false
      },
      "cluster": {
        "cluster": 0,
        "confidence": 0.5
      }
    },
    "decisions": {
      "final_decision": "HOLD",
      "confidence": 0.0,
      "timestamp": "2025-05-16T12:30:02.934651"
    },
    "errors": [
      "Erro no Reinforcement Learning: not enough values to unpack (expected 4, got 3)"
    ]
  },
  {
    "timestamp": 1747378180000.0,
    "input": {
      "open": 104010.31,
      "high": 104010.35,
      "low": 104010.3,
      "close": 104010.33,
      "volume": 0.34567
    },
    "output": {
      "attack_detection": {
        "spoofing": false,
        "volume_spike": false
      },
      "cluster": {
        "cluster": 0,
        "confidence": 0.5
      }
    },
    "decisions": {
      "final_decision": "HOLD",
      "confidence": 0.0,
      "timestamp": "2025-05-16T12:30:02.934979"
    },
    "errors": [
      "Erro no Reinforcement Learning: not enough values to unpack (expected 4, got 3)"
    ]
  },
  {
    "timestamp": 1747378240000.0,
    "input": {
      "open": 104010.33,
      "high": 104010.4,
      "low": 104010.32,
      "close": 104010.38,
      "volume": 0.45678
    },
    "output": {
      "attack_detection": {
        "spoofing": false,
        "volume_spike": false
      },
      "cluster": {
        "cluster": 0,
        "confidence": 0.5
      }
    },
    "decisions": {
      "final_decision": "HOLD",
      "confidence": 0.0,
      "timestamp": "2025-05-16T12:30:02.935309"
    },
    "errors": [
      "Erro no Reinforcement Learning: not enough values to unpack (expected 4, got 3)"
    ]
  },
  {
    "timestamp": 1747378300000.0,
    "input": {
      "open": 104010.38,
      "high": 104010.42,
      "low": 104010.37,
      "close": 104010.41,
      "volume": 0.56789
    },
    "output": {
      "attack_detection": {
        "spoofing": false,
        "volume_spike": false
      },
      "cluster": {
        "cluster": 0,
        "confidence": 0.5
      }
    },
    "decisions": {
      "final_decision": "HOLD",
      "confidence": 0.0,
      "timestamp": "2025-05-16T12:30:02.935635"
    },
    "errors": [
      "Erro no Reinforcement Learning: not enough values to unpack (expected 4, got 3)"
    ]
  },
  {
    "timestamp": 1747378360000.0,
    "input": {
      "open": 104010.41,
      "high": 104010.45,
      "low": 104010.4,
      "close": 104010.43,
      "volume": 0.6789
    },
    "output": {
      "attack_detection": {
        "spoofing": false,
        "volume_spike": false
      },
      "cluster": {
        "cluster": 0,
        "confidence": 0.5
      }
    },
    "decisions": {
      "final_decision": "HOLD",
      "confidence": 0.0,
      "timestamp": "2025-05-16T12:30:02.935957"
    },
    "errors": [
      "Erro no Reinforcement Learning: not enough values to unpack (expected 4, got 3)"
    ]
  },
  {
    "timestamp": 1747378420000.0,
    "input": {
      "open": 104010.43,
      "high": 104010.48,
      "low": 104010.42,
      "close": 104010.46,
      "volume": 0.78901
    },
    "output": {
      "attack_detection": {
        "spoofing": false,
        "volume_spike": false
      },
      "cluster": {
        "cluster": 0,
        "confidence": 0.5
      }
    },
    "decisions": {
      "final_decision": "HOLD",
      "confidence": 0.0,
      "timestamp": "2025-05-16T12:30:02.936302"
    },
    "errors": [
      "Erro no Reinforcement Learning: not enough values to unpack (expected 4, got 3)"
    ]
  },
  {
    "timestamp": 1747378480000.0,
    "input": {
      "open": 104010.46,
      "high": 104010.5,
      "low": 104010.45,
      "close": 104010.49,
      "volume": 0.89012
    },
    "output": {
      "attack_detection": {
        "spoofing": false,
        "volume_spike": false
      },
      "cluster": {
        "cluster": 0,
        "confidence": 0.5
      }
    },
    "decisions": {
      "final_decision": "HOLD",
      "confidence": 0.0,
      "timestamp": "2025-05-16T12:30:02.936620"
    },
    "errors": [
      "Erro no Reinforcement Learning: not enough values to unpack (expected 4, got 3)"
    ]
  },
  {
    "timestamp": 1747378540000.0,
    "input": {
      "open": 104010.49,
      "high": 104010.52,
      "low": 104010.48,
      "close": 104010.51,
      "volume": 0.90123
    },
    "output": {
      "attack_detection": {
        "spoofing": false,
        "volume_spike": false
      },
      "cluster": {
        "cluster": 0,
        "confidence": 0.5
      }
    },
    "decisions": {
      "final_decision": "HOLD",
      "confidence": 0.0,
      "timestamp": "2025-05-16T12:30:02.936936"
    },
    "errors": [
      "Erro no Reinforcement Learning: not enough values to unpack (expected 4, got 3)"
    ]
  },
  {
    "timestamp": 1747378600000.0,
    "input": {
      "open": 104010.51,
      "high": 104010.55,
      "low": 104010.5,
      "close": 104010.54,
      "volume": 1.01234
    },
    "output": {
      "attack_detection": {
        "spoofing": false,
        "volume_spike": false
      },
      "cluster": {
        "cluster": 0,
        "confidence": 0.5
      }
    },
    "decisions": {
      "final_decision": "HOLD",
      "confidence": 0.0,
      "timestamp": "2025-05-16T12:30:02.937256"
    },
    "errors": [
      "Erro no Reinforcement Learning: not enough values to unpack (expected 4, got 3)"
    ]
  },
  {
    "timestamp": 1747378660000.0,
    "input": {
      "open": 104010.54,
      "high": 104010.58,
      "low": 104010.53,
      "close": 104010.57,
      "volume": 1.12345
    },
    "output": {
      "attack_detection": {
        "spoofing": false,
        "volume_spike": false
      },
      "cluster": {
        "cluster": 0,
        "confidence": 0.5
      }
    },
    "decisions": {
      "final_decision": "HOLD",
      "confidence": 0.0,
      "timestamp": "2025-05-16T12:30:02.937569"
    },
    "errors": [
      "Erro no Reinforcement Learning: not enough values to unpack (expected 4, got 3)"
    ]
  },
  {
    "timestamp": 1747378720000.0,
    "input": {
      "open": 104010.57,
      "high": 104010.6,
      "low": 104010.56,
      "close": 104010.59,
      "volume": 1.23456
    },
    "output": {
      "attack_detection": {
        "spoofing": false,
        "volume_spike": false
      },
      "cluster": {
        "cluster": 0,
        "confidence": 0.5
      }
    },
    "decisions": {
      "final_decision": "HOLD",
      "confidence": 0.0,
      "timestamp": "2025-05-16T12:30:02.937876"
    },
    "errors": [
      "Erro no Reinforcement Learning: not enough values to unpack (expected 4, got 3)"
    ]
  },
  {
    "timestamp": 1747378780000.0,
    "input": {
      "open": 104010.59,
      "high": 104010.63,
      "low": 104010.58,
      "close": 104010.62,
      "volume": 1.34567
    },
    "output": {
      "attack_detection": {
        "spoofing": false,
        "volume_spike": false
      },
      "cluster": {
        "cluster": 0,
        "confidence": 0.5
      }
    },
    "decisions": {
      "final_decision": "HOLD",
      "confidence": 0.0,
      "timestamp": "2025-05-16T12:30:02.938182"
    },
    "errors": [
      "Erro no Reinforcement Learning: not enough values to unpack (expected 4, got 3)"
    ]
  },
  {
    "timestamp": 1747378840000.0,
    "input": {
      "open": 104010.62,
      "high": 104010.65,
      "low": 104010.61,
      "close": 104010.64,
      "volume": 1.45678
    },
    "output": {
      "attack_detection": {
        "spoofing": false,
        "volume_spike": false
      },
      "cluster": {
        "cluster": 0,
        "confidence": 0.5
      }
    },
    "decisions": {
      "final_decision": "HOLD",
      "confidence": 0.0,
      "timestamp": "2025-05-16T12:30:02.938496"
    },
    "errors": [
      "Erro no Reinforcement Learning: not enough values to unpack (expected 4, got 3)"
    ]
  },
  {
    "timestamp": 1747378900000.0,
    "input": {
      "open": 104010.64,
      "high": 104010.68,
      "low": 104010.63,
      "close": 104010.67,
      "volume": 1.56789
    },
    "output": {
      "attack_detection": {
        "spoofing": false,
        "volume_spike": false
      },
      "cluster": {
        "cluster": 0,
        "confidence": 0.5
      }
    },
    "decisions": {
      "final_decision": "HOLD",
      "confidence": 0.0,
      "timestamp": "2025-05-16T12:30:02.938808"
    },
    "errors": [
      "Erro no Reinforcement Learning: not enough values to unpack (expected 4, got 3)"
    ]
  },
  {
    "timestamp": 1747378960000.0,
    "input": {
      "open": 104010.67,
      "high": 104010.7,
      "low": 104010.66,
      "close": 104010.69,
      "volume": 1.6789
    },
    "output": {
      "attack_detection": {
        "spoofing": false,
        "volume_spike": false
      },
      "cluster": {
        "cluster": 0,
        "confidence": 0.5
      }
    },
    "decisions": {
      "final_decision": "HOLD",
      "confidence": 0.0,
      "timestamp": "2025-05-16T12:30:02.939125"
    },
    "errors": [
      "Erro no Reinforcement Learning: not enough values to unpack (expected 4, got 3)"
    ]
  },
  {
    "timestamp": 1747379020000.0,
    "input": {
      "open": 104010.69,
      "high": 104010.73,
      "low": 104010.68,
      "close": 104010.72,
      "volume": 1.78901
    },
    "output": {
      "attack_detection": {
        "spoofing": false,
        "volume_spike": false
      },
      "cluster": {
        "cluster": 0,
        "confidence": 0.5
      }
    },
    "decisions": {
      "final_decision": "HOLD",
      "confidence": 0.0,
      "timestamp": "2025-05-16T12:30:02.939450"
    },
    "errors": [
      "Erro no Reinforcement Learning: not enough values to unpack (expected 4, got 3)"
    ]
  },
  {
    "timestamp": 1747379080000.0,
    "input": {
      "open": 104010.72,
      "high": 104010.75,
      "low": 104010.71,
      "close": 104010.74,
      "volume": 1.89012
    },
    "output": {
      "attack_detection": {
        "spoofing": false,
        "volume_spike": false
      },
      "cluster": {
        "cluster": 0,
        "confidence": 0.5
      }
    },
    "decisions": {
      "final_decision": "HOLD",
      "confidence": 0.0,
      "timestamp": "2025-05-16T12:30:02.939759"
    },
    "errors": [
      "Erro no Reinforcement Learning: not enough values to unpack (expected 4, got 3)"
    ]
  },
  {
    "timestamp": 1747379140000.0,
    "input": {
      "open": 104010.74,
      "high": 104010.78,
      "low": 104010.73,
      "close": 104010.77,
      "volume": 1.90123
    },
    "output": {
      "attack_detection": {
        "spoofing": false,
        "volume_spike": false
      },
      "cluster": {
        "cluster": 0,
        "confidence": 0.5
      }
    },
    "decisions": {
      "final_decision": "HOLD",
      "confidence": 0.0,
      "timestamp": "2025-05-16T12:30:02.940066"
    },
    "errors": [
      "Erro no Reinforcement Learning: not enough values to unpack (expected 4, got 3)"
    ]
  },
  {
    "timestamp": 1747379200000.0,
    "input": {
      "open": 104010.77,
      "high": 104010.8,
      "low": 104010.76,
      "close": 104010.79,
      "volume": 2.01234
    },
    "output": {
      "attack_detection": {
        "spoofing": false,
        "volume_spike": false
      },
      "cluster": {
        "cluster": 0,
        "confidence": 0.5
      }
    },
    "decisions": {
      "final_decision": "HOLD",
      "confidence": 0.0,
      "timestamp": "2025-05-16T12:30:02.940378"
    },
    "errors": [
      "Erro no Reinforcement Learning: not enough values to unpack (expected 4, got 3)"
    ]
  }
]