[
  {
    "timestamp": 1747389186.0,
    "open": 50087.25,
    "high": 50184.92,
    "low": 49715.46,
    "close": 49909.38,
    "volume": 24.68,
    "signal": null,
    "signal_details": null
  },
  {
    "timestamp": 1747389246.0,
    "open": 49268.86,
    "high": 49435.2,
    "low": 49047.42,
    "close": 49602.05,
    "volume": 65.49,
    "signal": null,
    "signal_details": null
  },
  {
    "timestamp": 1747389306.0,
    "open": 49278.94,
    "high": 49500.12,
    "low": 48881.51,
    "close": 48954.88,
    "volume": 57.62,
    "signal": null,
    "signal_details": null
  },
  {
    "timestamp": 1747389366.0,
    "open": 50653.81,
    "high": 50901.15,
    "low": 50176.47,
    "close": 51116.24,
    "volume": 47.17,
    "signal": null,
    "signal_details": null
  },
  {
    "timestamp": 1747389426.0,
    "open": 49450.38,
    "high": 49523.44,
    "low": 49293.23,
    "close": 49945.57,
    "volume": 49.36,
    "signal": null,
    "signal_details": null
  },
  {
    "timestamp": 1747389486.0,
    "open": 50794.84,
    "high": 50835.25,
    "low": 50752.54,
    "close": 50873.03,
    "volume": 38.39,
    "signal": null,
    "signal_details": null
  },
  {
    "timestamp": 1747389546.0,
    "open": 50560.08,
    "high": 50891.91,
    "low": 50126.67,
    "close": 50903.51,
    "volume": 12.21,
    "signal": null,
    "signal_details": null
  },
  {
    "timestamp": 1747389606.0,
    "open": 50176.34,
    "high": 50450.26,
    "low": 49933.05,
    "close": 50078.39,
    "volume": 2.29,
    "signal": null,
    "signal_details": null
  },
  {
    "timestamp": 1747389666.0,
    "open": 49258.69,
    "high": 49623.49,
    "low": 48852.22,
    "close": 48775.23,
    "volume": 81.41,
    "signal": null,
    "signal_details": null
  },
  {
    "timestamp": 1747389726.0,
    "open": 50603.75,
    "high": 50733.33,
    "low": 50228.78,
    "close": 50387.83,
    "volume": 40.79,
    "signal": null,
    "signal_details": null
  },
  {
    "timestamp": 1747389786.0,
    "open": 50129.23,
    "high": 50165.48,
    "low": 50048.32,
    "close": 50081.33,
    "volume": 25.66,
    "signal": null,
    "signal_details": null
  },
  {
    "timestamp": 1747389846.0,
    "open": 50420.78,
    "high": 50799.57,
    "low": 50355.29,
    "close": 50617.51,
    "volume": 59.54,
    "signal": null,
    "signal_details": null
  },
  {
    "timestamp": 1747389906.0,
    "open": 50367.89,
    "high": 50394.98,
    "low": 50356.15,
    "close": 49868.03,
    "volume": 58.58,
    "signal": null,
    "signal_details": null
  },
  {
    "timestamp": 1747389966.0,
    "open": 49591.11,
    "high": 49796.67,
    "low": 49532.96,
    "close": 49719.22,
    "volume": 54.08,
    "signal": null,
    "signal_details": null
  },
  {
    "timestamp": 1747390026.0,
    "open": 50487.55,
    "high": 50856.13,
    "low": 50091.18,
    "close": 50160.45,
    "volume": 67.82,
    "signal": null,
    "signal_details": null
  },
  {
    "timestamp": 1747390086.0,
    "open": 49275.21,
    "high": 49406.94,
    "low": 49127.03,
    "close": 49642.65,
    "volume": 37.66,
    "signal": null,
    "signal_details": null
  },
  {
    "timestamp": 1747390146.0,
    "open": 50136.63,
    "high": 50161.55,
    "low": 49687.46,
    "close": 50251.39,
    "volume": 89.07,
    "signal": null,
    "signal_details": null
  },
  {
    "timestamp": 1747390206.0,
    "open": 50818.93,
    "high": 51257.98,
    "low": 50366.07,
    "close": 50668.27,
    "volume": 39.24,
    "signal": null,
    "signal_details": null
  },
  {
    "timestamp": 1747390266.0,
    "open": 50710.51,
    "high": 50943.97,
    "low": 50553.0,
    "close": 50465.34,
    "volume": 24.9,
    "signal": null,
    "signal_details": null
  },
  {
    "timestamp": 1747390326.0,
    "open": 50510.81,
    "high": 50766.5,
    "low": 50332.94,
    "close": 50387.9,
    "volume": 21.43,
    "signal": null,
    "signal_details": null
  },
  {
    "timestamp": 1747390386.0,
    "open": 49495.74,
    "high": 49568.19,
    "low": 49407.15,
    "close": 49914.55,
    "volume": 98.59,
    "signal": null,
    "signal_details": null
  },
  {
    "timestamp": 1747390446.0,
    "open": 49368.24,
    "high": 49712.6,
    "low": 48896.5,
    "close": 49580.0,
    "volume": 81.75,
    "signal": null,
    "signal_details": null
  },
  {
    "timestamp": 1747390506.0,
    "open": 50159.92,
    "high": 50602.06,
    "low": 49701.91,
    "close": 49841.22,
    "volume": 47.5,
    "signal": null,
    "signal_details": null
  },
  {
    "timestamp": 1747390566.0,
    "open": 49234.35,
    "high": 49710.64,
    "low": 49123.66,
    "close": 49054.8,
    "volume": 67.19,
    "signal": null,
    "signal_details": null
  },
  {
    "timestamp": 1747390626.0,
    "open": 50738.57,
    "high": 51195.98,
    "low": 50327.85,
    "close": 51036.35,
    "volume": 66.89,
    "signal": null,
    "signal_details": null
  },
  {
    "timestamp": 1747390686.0,
    "open": 49284.07,
    "high": 49744.37,
    "low": 48808.5,
    "close": 49035.25,
    "volume": 68.97,
    "signal": null,
    "signal_details": null
  },
  {
    "timestamp": 1747390746.0,
    "open": 49102.5,
    "high": 49405.14,
    "low": 48777.07,
    "close": 49339.39,
    "volume": 74.07,
    "signal": null,
    "signal_details": null
  },
  {
    "timestamp": 1747390806.0,
    "open": 50872.75,
    "high": 51282.62,
    "low": 50853.45,
    "close": 51037.41,
    "volume": 55.36,
    "signal": null,
    "signal_details": null
  },
  {
    "timestamp": 1747390866.0,
    "open": 50864.08,
    "high": 51025.33,
    "low": 50835.45,
    "close": 51363.73,
    "volume": 25.43,
    "signal": null,
    "signal_details": null
  },
  {
    "timestamp": 1747390926.0,
    "open": 50124.35,
    "high": 50188.31,
    "low": 50010.93,
    "close": 50420.56,
    "volume": 14.08,
    "signal": null,
    "signal_details": null
  },
  {
    "timestamp": 1747390986.0,
    "open": 50677.15,
    "high": 50916.73,
    "low": 50461.2,
    "close": 50408.78,
    "volume": 96.36,
    "signal": null,
    "signal_details": null
  },
  {
    "timestamp": 1747391046.0,
    "open": 50394.11,
    "high": 50821.97,
    "low": 49940.73,
    "close": 50754.57,
    "volume": 87.58,
    "signal": null,
    "signal_details": null
  },
  {
    "timestamp": 1747391106.0,
    "open": 49058.29,
    "high": 49063.22,
    "low": 48815.65,
    "close": 48725.51,
    "volume": 47.46,
    "signal": null,
    "signal_details": null
  },
  {
    "timestamp": 1747391166.0,
    "open": 49519.07,
    "high": 49906.0,
    "low": 49264.14,
    "close": 49298.45,
    "volume": 2.5,
    "signal": null,
    "signal_details": null
  },
  {
    "timestamp": 1747391226.0,
    "open": 49085.08,
    "high": 49521.93,
    "low": 48987.6,
    "close": 49009.63,
    "volume": 50.45,
    "signal": null,
    "signal_details": null
  },
  {
    "timestamp": 1747391286.0,
    "open": 50587.22,
    "high": 50606.91,
    "low": 50583.18,
    "close": 50631.92,
    "volume": 48.82,
    "signal": null,
    "signal_details": null
  },
  {
    "timestamp": 1747391346.0,
    "open": 50754.62,
    "high": 51042.29,
    "low": 50357.24,
    "close": 51073.32,
    "volume": 14.72,
    "signal": null,
    "signal_details": null
  },
  {
    "timestamp": 1747391406.0,
    "open": 49699.56,
    "high": 49906.89,
    "low": 49214.54,
    "close": 49743.67,
    "volume": 50.5,
    "signal": null,
    "signal_details": null
  },
  {
    "timestamp": 1747391466.0,
    "open": 50107.34,
    "high": 50236.56,
    "low": 49884.79,
    "close": 50126.55,
    "volume": 43.1,
    "signal": null,
    "signal_details": null
  },
  {
    "timestamp": 1747391526.0,
    "open": 50387.02,
    "high": 50510.13,
    "low": 50257.55,
    "close": 50560.18,
    "volume": 2.2,
    "signal": null,
    "signal_details": null
  },
  {
    "timestamp": 1747391586.0,
    "open": 50341.34,
    "high": 50413.74,
    "low": 50113.78,
    "close": 50139.38,
    "volume": 46.4,
    "signal": null,
    "signal_details": null
  },
  {
    "timestamp": 1747391646.0,
    "open": 50513.77,
    "high": 50638.9,
    "low": 50217.47,
    "close": 50665.37,
    "volume": 70.59,
    "signal": null,
    "signal_details": null
  },
  {
    "timestamp": 1747391706.0,
    "open": 49217.85,
    "high": 49332.38,
    "low": 48892.96,
    "close": 49068.45,
    "volume": 77.03,
    "signal": null,
    "signal_details": null
  },
  {
    "timestamp": 1747391766.0,
    "open": 50743.19,
    "high": 51093.63,
    "low": 50695.04,
    "close": 51159.6,
    "volume": 15.18,
    "signal": null,
    "signal_details": null
  },
  {
    "timestamp": 1747391826.0,
    "open": 50778.32,
    "high": 50981.2,
    "low": 50681.22,
    "close": 51273.41,
    "volume": 43.52,
    "signal": null,
    "signal_details": null
  },
  {
    "timestamp": 1747391886.0,
    "open": 49866.93,
    "high": 49983.08,
    "low": 49481.0,
    "close": 49377.79,
    "volume": 25.73,
    "signal": null,
    "signal_details": null
  },
  {
    "timestamp": 1747391946.0,
    "open": 50373.23,
    "high": 50623.46,
    "low": 50264.44,
    "close": 50742.01,
    "volume": 76.46,
    "signal": null,
    "signal_details": null
  },
  {
    "timestamp": 1747392006.0,
    "open": 50123.57,
    "high": 50372.01,
    "low": 49633.08,
    "close": 49630.84,
    "volume": 68.5,
    "signal": null,
    "signal_details": null
  },
  {
    "timestamp": 1747392066.0,
    "open": 50641.05,
    "high": 50693.15,
    "low": 50348.5,
    "close": 50972.65,
    "volume": 81.47,
    "signal": null,
    "signal_details": null
  },
  {
    "timestamp": 1747392126.0,
    "open": 50587.12,
    "high": 51011.38,
    "low": 50185.35,
    "close": 50617.73,
    "volume": 24.69,
    "signal": null,
    "signal_details": null
  },
  {
    "timestamp": 1747392186.0,
    "open": 49178.08,
    "high": 49550.27,
    "low": 48796.04,
    "close": 49330.74,
    "volume": 72.53,
    "signal": null,
    "signal_details": null
  },
  {
    "timestamp": 1747392246.0,
    "open": 50116.09,
    "high": 50333.37,
    "low": 50103.31,
    "close": 50205.64,
    "volume": 37.94,
    "signal": null,
    "signal_details": null
  },
  {
    "timestamp": 1747392306.0,
    "open": 50511.07,
    "high": 50537.21,
    "low": 50151.6,
    "close": 50766.13,
    "volume": 11.12,
    "signal": null,
    "signal_details": null
  },
  {
    "timestamp": 1747392366.0,
    "open": 49868.92,
    "high": 50362.61,
    "low": 49526.58,
    "close": 49877.94,
    "volume": 54.09,
    "signal": null,
    "signal_details": null
  },
  {
    "timestamp": 1747392426.0,
    "open": 49498.11,
    "high": 49614.45,
    "low": 49483.94,
    "close": 49360.33,
    "volume": 41.87,
    "signal": null,
    "signal_details": null
  },
  {
    "timestamp": 1747392486.0,
    "open": 50266.55,
    "high": 50727.47,
    "low": 50078.07,
    "close": 50721.57,
    "volume": 19.06,
    "signal": null,
    "signal_details": null
  },
  {
    "timestamp": 1747392546.0,
    "open": 50821.72,
    "high": 51299.2,
    "low": 50773.45,
    "close": 51248.98,
    "volume": 37.9,
    "signal": null,
    "signal_details": null
  },
  {
    "timestamp": 1747392606.0,
    "open": 50232.35,
    "high": 50627.22,
    "low": 50052.12,
    "close": 50188.61,
    "volume": 6.44,
    "signal": null,
    "signal_details": null
  },
  {
    "timestamp": 1747392666.0,
    "open": 50092.83,
    "high": 50372.21,
    "low": 49809.83,
    "close": 49927.41,
    "volume": 90.06,
    "signal": null,
    "signal_details": null
  },
  {
    "timestamp": 1747392726.0,
    "open": 50959.85,
    "high": 51321.35,
    "low": 50661.02,
    "close": 50668.91,
    "volume": 9.62,
    "signal": null,
    "signal_details": null
  },
  {
    "timestamp": 1747392786.0,
    "open": 49149.81,
    "high": 49557.93,
    "low": 49138.98,
    "close": 49345.78,
    "volume": 63.05,
    "signal": null,
    "signal_details": null
  },
  {
    "timestamp": 1747392846.0,
    "open": 50374.23,
    "high": 50778.66,
    "low": 50274.48,
    "close": 50265.75,
    "volume": 99.28,
    "signal": null,
    "signal_details": null
  },
  {
    "timestamp": 1747392906.0,
    "open": 49182.13,
    "high": 49301.21,
    "low": 48726.5,
    "close": 49505.99,
    "volume": 34.48,
    "signal": null,
    "signal_details": null
  },
  {
    "timestamp": 1747392966.0,
    "open": 50192.74,
    "high": 50582.47,
    "low": 49818.12,
    "close": 50022.33,
    "volume": 71.72,
    "signal": null,
    "signal_details": null
  },
  {
    "timestamp": 1747393026.0,
    "open": 50310.08,
    "high": 50561.14,
    "low": 49895.27,
    "close": 49981.42,
    "volume": 92.02,
    "signal": null,
    "signal_details": null
  },
  {
    "timestamp": 1747393086.0,
    "open": 49613.57,
    "high": 49706.01,
    "low": 49173.24,
    "close": 49138.12,
    "volume": 4.71,
    "signal": null,
    "signal_details": null
  },
  {
    "timestamp": 1747393146.0,
    "open": 49588.92,
    "high": 49917.26,
    "low": 49521.1,
    "close": 49565.91,
    "volume": 22.61,
    "signal": null,
    "signal_details": null
  },
  {
    "timestamp": 1747393206.0,
    "open": 50953.03,
    "high": 50987.23,
    "low": 50636.99,
    "close": 51437.61,
    "volume": 30.49,
    "signal": null,
    "signal_details": null
  },
  {
    "timestamp": 1747393266.0,
    "open": 50609.8,
    "high": 50823.69,
    "low": 50496.68,
    "close": 50506.43,
    "volume": 74.17,
    "signal": null,
    "signal_details": null
  },
  {
    "timestamp": 1747393326.0,
    "open": 50752.3,
    "high": 51108.57,
    "low": 50559.43,
    "close": 50270.3,
    "volume": 48.96,
    "signal": null,
    "signal_details": null
  },
  {
    "timestamp": 1747393386.0,
    "open": 50415.7,
    "high": 50866.67,
    "low": 50045.73,
    "close": 50055.12,
    "volume": 40.06,
    "signal": null,
    "signal_details": null
  },
  {
    "timestamp": 1747393446.0,
    "open": 50397.84,
    "high": 50897.43,
    "low": 50155.47,
    "close": 49938.28,
    "volume": 41.36,
    "signal": null,
    "signal_details": null
  },
  {
    "timestamp": 1747393506.0,
    "open": 49915.71,
    "high": 50240.87,
    "low": 49668.29,
    "close": 50367.61,
    "volume": 95.47,
    "signal": null,
    "signal_details": null
  },
  {
    "timestamp": 1747393566.0,
    "open": 49550.0,
    "high": 49744.69,
    "low": 49326.44,
    "close": 49556.43,
    "volume": 55.57,
    "signal": null,
    "signal_details": null
  },
  {
    "timestamp": 1747393626.0,
    "open": 49339.39,
    "high": 49764.27,
    "low": 49317.61,
    "close": 49588.77,
    "volume": 3.89,
    "signal": null,
    "signal_details": null
  },
  {
    "timestamp": 1747393686.0,
    "open": 49708.7,
    "high": 49915.13,
    "low": 49520.32,
    "close": 49276.22,
    "volume": 15.16,
    "signal": null,
    "signal_details": null
  },
  {
    "timestamp": 1747393746.0,
    "open": 49975.84,
    "high": 50453.05,
    "low": 49586.33,
    "close": 49650.78,
    "volume": 50.15,
    "signal": null,
    "signal_details": null
  },
  {
    "timestamp": 1747393806.0,
    "open": 50971.98,
    "high": 51067.16,
    "low": 50845.92,
    "close": 50485.79,
    "volume": 50.55,
    "signal": null,
    "signal_details": null
  },
  {
    "timestamp": 1747393866.0,
    "open": 49193.15,
    "high": 49656.06,
    "low": 48780.0,
    "close": 49178.93,
    "volume": 2.93,
    "signal": null,
    "signal_details": null
  },
  {
    "timestamp": 1747393926.0,
    "open": 49565.77,
    "high": 49797.64,
    "low": 49285.89,
    "close": 49189.59,
    "volume": 29.79,
    "signal": null,
    "signal_details": null
  },
  {
    "timestamp": 1747393986.0,
    "open": 49938.08,
    "high": 50358.01,
    "low": 49663.14,
    "close": 49589.07,
    "volume": 18.28,
    "signal": null,
    "signal_details": null
  },
  {
    "timestamp": 1747394046.0,
    "open": 50483.92,
    "high": 50498.31,
    "low": 50449.99,
    "close": 50467.1,
    "volume": 60.87,
    "signal": null,
    "signal_details": null
  },
  {
    "timestamp": 1747394106.0,
    "open": 50768.49,
    "high": 51055.95,
    "low": 50319.76,
    "close": 51012.89,
    "volume": 4.96,
    "signal": null,
    "signal_details": null
  },
  {
    "timestamp": 1747394166.0,
    "open": 50687.03,
    "high": 51140.96,
    "low": 50611.38,
    "close": 50516.58,
    "volume": 23.41,
    "signal": null,
    "signal_details": null
  },
  {
    "timestamp": 1747394226.0,
    "open": 49529.27,
    "high": 49948.23,
    "low": 49266.68,
    "close": 49321.34,
    "volume": 16.76,
    "signal": null,
    "signal_details": null
  },
  {
    "timestamp": 1747394286.0,
    "open": 50942.97,
    "high": 51245.73,
    "low": 50766.72,
    "close": 50838.5,
    "volume": 9.07,
    "signal": null,
    "signal_details": null
  },
  {
    "timestamp": 1747394346.0,
    "open": 49062.61,
    "high": 49076.82,
    "low": 48608.91,
    "close": 49051.07,
    "volume": 65.49,
    "signal": null,
    "signal_details": null
  },
  {
    "timestamp": 1747394406.0,
    "open": 50964.48,
    "high": 51314.36,
    "low": 50669.1,
    "close": 51262.03,
    "volume": 63.51,
    "signal": null,
    "signal_details": null
  },
  {
    "timestamp": 1747394466.0,
    "open": 49765.3,
    "high": 49901.01,
    "low": 49586.23,
    "close": 50078.76,
    "volume": 5.88,
    "signal": null,
    "signal_details": null
  },
  {
    "timestamp": 1747394526.0,
    "open": 49821.77,
    "high": 50276.87,
    "low": 49371.31,
    "close": 49741.31,
    "volume": 4.59,
    "signal": null,
    "signal_details": null
  },
  {
    "timestamp": 1747394586.0,
    "open": 50353.41,
    "high": 50371.91,
    "low": 50256.01,
    "close": 50315.6,
    "volume": 83.96,
    "signal": null,
    "signal_details": null
  },
  {
    "timestamp": 1747394646.0,
    "open": 49592.18,
    "high": 49963.31,
    "low": 49422.91,
    "close": 49534.88,
    "volume": 17.52,
    "signal": null,
    "signal_details": null
  },
  {
    "timestamp": 1747394706.0,
    "open": 49193.76,
    "high": 49332.44,
    "low": 48925.59,
    "close": 49233.73,
    "volume": 97.34,
    "signal": null,
    "signal_details": null
  },
  {
    "timestamp": 1747394766.0,
    "open": 49435.04,
    "high": 49477.3,
    "low": 48974.86,
    "close": 49422.41,
    "volume": 42.59,
    "signal": null,
    "signal_details": null
  },
  {
    "timestamp": 1747394826.0,
    "open": 50971.39,
    "high": 51178.81,
    "low": 50894.11,
    "close": 50587.92,
    "volume": 2.97,
    "signal": null,
    "signal_details": null
  },
  {
    "timestamp": 1747394886.0,
    "open": 50973.1,
    "high": 51296.22,
    "low": 50644.68,
    "close": 51470.5,
    "volume": 7.0,
    "signal": null,
    "signal_details": null
  },
  {
    "timestamp": 1747394946.0,
    "open": 50400.44,
    "high": 50725.17,
    "low": 50152.04,
    "close": 50169.34,
    "volume": 15.65,
    "signal": null,
    "signal_details": null
  },
  {
    "timestamp": 1747395006.0,
    "open": 50870.84,
    "high": 51144.42,
    "low": 50700.05,
    "close": 51317.5,
    "volume": 26.82,
    "signal": null,
    "signal_details": null
  },
  {
    "timestamp": 1747395066.0,
    "open": 50148.89,
    "high": 50149.41,
    "low": 49876.8,
    "close": 50337.33,
    "volume": 64.77,
    "signal": null,
    "signal_details": null
  },
  {
    "timestamp": 1747395126.0,
    "open": 50936.54,
    "high": 50961.96,
    "low": 50806.43,
    "close": 51256.04,
    "volume": 59.32,
    "signal": null,
    "signal_details": null
  }
]