{
  "sinal_1": {
    "sinal": {
      "ativo": "BTCUSDT",
      "classe": "compra",
      "probabilidade": 0.85,
      "score_final": 75,
      "direcao_historica": "compra",
      "prioridade": "alta",
      "score_orderflow": 0.7,
      "fakeout": false,
      "desvio_score": 0.2,
      "vetor_x": [
        1,
        2,
        3,
        4
      ],
      "quantidade": 0.001,
      "preco": null,
      "timestamp": 1748908566.787619,
      "estrategia": "Teste For\u00e7ado"
    },
    "validacao_contextual": true,
    "validacao_risco": true,
    "execucao_ordem": {
      "status": "SIMULADO",
      "symbol": "BTCUSDT",
      "orderId": 12345,
      "side": "BUY"
    }
  },
  "sinal_2": {
    "sinal": {
      "ativo": "ETHUSDT",
      "classe": "venda",
      "probabilidade": 0.82,
      "score_final": 25,
      "direcao_historica": "venda",
      "prioridade": "alta",
      "score_orderflow": 0.7,
      "fakeout": false,
      "desvio_score": 0.2,
      "vetor_x": [
        1,
        2,
        3,
        4
      ],
      "quantidade": 0.001,
      "preco": null,
      "timestamp": 1748908566.787643,
      "estrategia": "Teste For\u00e7ado"
    },
    "validacao_contextual": true,
    "validacao_risco": true,
    "execucao_ordem": {
      "status": "SIMULADO",
      "symbol": "ETHUSDT",
      "orderId": 12345,
      "side": "SELL"
    }
  },
  "sinal_3": {
    "sinal": {
      "ativo": "BNBUSDT",
      "classe": "compra",
      "probabilidade": 0.45,
      "score_final": 75,
      "direcao_historica": "compra",
      "prioridade": "alta",
      "score_orderflow": 0.7,
      "fakeout": false,
      "desvio_score": 0.2,
      "vetor_x": [
        1,
        2,
        3,
        4
      ],
      "quantidade": 0.001,
      "preco": null,
      "timestamp": 1748908566.787665,
      "estrategia": "Teste For\u00e7ado"
    },
    "validacao_contextual": false,
    "validacao_risco": null,
    "execucao_ordem": null
  },
  "sinal_4": {
    "sinal": {
      "ativo": "BTCUSDT",
      "classe": "venda",
      "probabilidade": 0.8,
      "score_final": 25,
      "direcao_historica": "venda",
      "prioridade": "alta",
      "score_orderflow": 0.7,
      "fakeout": false,
      "desvio_score": 0.2,
      "vetor_x": [
        1,
        2,
        3,
        4
      ],
      "quantidade": 1e-05,
      "preco": null,
      "timestamp": 1748908566.787686,
      "estrategia": "Teste For\u00e7ado"
    },
    "validacao_contextual": true,
    "validacao_risco": true,
    "execucao_ordem": {
      "status": "SIMULADO",
      "symbol": "BTCUSDT",
      "orderId": 12345,
      "side": "SELL"
    }
  }
}